State,District,Latitude,Longitude,District code,Population,Male_Literate,Female_Literate,Hindus,Muslims,Christians,Sikhs,Buddhists,Jains,Others_Religions,Sex_Ratio,Litercay_Rate
Andhra Pradesh,Adilabad,19.284513950073435,78.81321233480176,532,2741239,856350,626997,2399901,275970,15422,1377,25510,617,322,999.0,54.0
Andhra Pradesh,Anantapur,14.312065561843148,77.4601584478577,553,4081148,1338474,972486,3599372,443456,20463,932,341,1417,309,1024.0,57.0
Andhra Pradesh,Chittoor,13.33109263067696,78.92763898886037,554,4174064,1484794,1183084,3737588,397870,24129,867,253,1322,358,1003.0,64.0
Andhra Pradesh,East Godavari,16.782718320784902,82.2432074720511,545,5154296,1716933,1571644,4983330,77777,77825,738,413,4149,403,994.0,64.0
Andhra Pradesh,Guntur,15.884925767634847,80.58657614107885,548,4887813,1634726,1325715,4217597,559770,89763,764,323,3282,332,997.0,61.0
Andhra Pradesh,Hyderabad,17.38971555555556,78.46668888888888,536,3943323,1542688,1349467,2046051,1713405,87522,11446,1268,19560,1929,1049.0,73.0
Andhra Pradesh,Karimnagar,18.515483193277312,79.43765428571413,534,3776269,1257238,949591,3491139,244723,24979,2086,332,312,115,992.0,58.0
Andhra Pradesh,Khammam,17.683921325051784,80.67008643892335,541,2797370,901640,728594,2595321,158887,33463,655,217,459,539,989.0,58.0
Andhra Pradesh,Krishna,16.143872753151673,81.14805061000413,547,4517398,1598959,1410759,4023678,307043,145598,1393,863,6320,906,1008.0,67.0
Andhra Pradesh,Kurnool,15.43759715142429,77.90086836581717,552,4053463,1246369,880792,3328380,670737,33165,737,255,2235,434,1012.0,52.0
Andhra Pradesh,Mahbubnagar,16.639546224256293,77.98933089244859,538,4053028,1158386,782260,3673456,334172,21345,658,290,388,267,1024.0,48.0
Andhra Pradesh,Medak,17.889304978038055,78.13778901903379,535,3033288,953406,683731,2637313,342449,34301,1309,554,457,217,1008.0,54.0
Andhra Pradesh,Nalgonda,17.113250515463907,79.16984453608244,539,3488809,1160757,840262,3249231,188646,35025,937,241,250,132,1018.0,57.0
Andhra Pradesh,Nizamabad,18.429485849056604,78.07523490566035,533,2551335,790214,599596,2123426,391596,19653,2357,1847,542,146,962.0,54.0
Andhra Pradesh,Prakasam,15.489039001601704,80.11665790176184,549,3397448,1107686,796749,3150195,220654,18775,266,97,204,206,1019.0,56.0
Andhra Pradesh,Srikakulam,18.570900998697432,84.25874814010675,542,2703114,857824,637557,2666950,9025,18879,193,77,160,106,986.0,55.0
Andhra Pradesh,Vizianagaram,18.28329696032972,83.45982854198873,543,2344474,707503,530885,2299129,16423,17853,380,114,815,183,982.0,53.0
Andhra Pradesh,Warangal,18.01752608695651,79.87422028985509,540,3512576,1179790,885233,3273755,197333,31377,1453,253,569,126,1003.0,59.0
Andhra Pradesh,West Godavari,16.63297943925236,81.45912990654196,546,3936966,1379223,1273166,3733191,86142,109120,288,209,1578,211,996.0,67.0
Arunachal Pradesh,Changlang,27.360484793388455,96.37552644628106,253,148226,44027,29147,47683,2134,35969,94,50381,95,11738,1080.0,49.0
Arunachal Pradesh,East Kameng,27.371194055944056,93.04741486013997,247,78690,21599,16850,12333,652,37136,36,452,23,27868,971.0,49.0
Arunachal Pradesh,East Siang,28.153823529411756,95.06499226006191,251,99214,34210,28366,27854,2289,18254,69,776,30,49393,1021.0,63.0
Arunachal Pradesh,Kurung Kumey,28.048533518005534,93.24531994459834,256,92076,20258,16348,4859,471,51189,43,121,81,34158,969.0,40.0
Arunachal Pradesh,Lohit,27.946785273972623,96.59670770547945,259,145726,48380,34682,99020,3846,10684,210,24452,104,7277,1097.0,57.0
Arunachal Pradesh,Lower Dibang Valley,28.32651730103806,95.76567335640142,258,54080,18087,13762,28915,2247,9213,33,2932,19,10393,1078.0,59.0
Arunachal Pradesh,Lower Subansiri,27.70849297297297,93.96226108108112,255,83030,29470,24587,9551,1482,34402,27,193,13,37085,1016.0,65.0
Arunachal Pradesh,Papum Pare,27.273529716981127,93.54468183962264,248,176573,65794,55254,57027,6148,84397,310,4768,139,22586,1020.0,69.0
Arunachal Pradesh,Tawang,27.680683962264148,91.82504245283016,245,49977,17720,8353,11842,787,776,1164,34920,72,349,1400.0,52.0
Arunachal Pradesh,Tirap,26.94406229508198,95.41470327868862,254,111975,29313,18661,20682,1103,83361,61,778,43,5325,1059.0,43.0
Arunachal Pradesh,Upper Siang,28.8309244897959,95.00155765306124,252,35320,10723,7472,5261,411,5643,27,2577,7,20967,1125.0,52.0
Arunachal Pradesh,Upper Subansiri,28.277196566523585,93.8991435622318,249,83448,24807,20471,13474,521,8779,28,297,11,59449,1002.0,54.0
Arunachal Pradesh,West Kameng,27.46486582278483,92.65015750452083,246,83947,29566,18926,31265,1970,8466,328,36087,71,5556,1221.0,58.0
Arunachal Pradesh,West Siang,28.106296920289843,94.53510344202908,250,112274,36777,27969,15881,2218,29969,577,3311,49,60005,1075.0,58.0
Assam,Barpeta,26.427872264631056,90.97912010178116,303,1693622,499038,398020,492966,1198036,1020,112,49,399,14,1049.0,53.0
Assam,Bongaigaon,26.450125219941334,90.6734296187684,319,738804,237114,196964,359145,371033,5924,384,236,871,9,1035.0,59.0
Assam,Cachar,24.815570668693017,92.86849650455927,316,1736617,639946,534182,1038985,654816,37635,280,341,1673,98,1042.0,68.0
Assam,Darrang,26.58463215962442,92.04141338028155,325,928500,268666,218373,327322,597392,1688,431,57,724,19,1049.0,52.0
Assam,Dhemaji,27.586533438485816,94.71336908517353,308,686133,237761,185267,655052,13475,8711,297,911,167,6315,1049.0,62.0
Assam,Dibrugarh,27.30612284482757,95.0998282327587,310,1326335,491361,393170,1198401,64526,52968,2261,4673,1055,46,1041.0,67.0
Assam,Goalpara,26.017277777777807,90.59869891598912,302,1008183,304302,259275,347878,579929,77862,771,194,477,103,1037.0,56.0
Assam,Golaghat,26.377219709794485,93.82583397823468,313,1066888,396475,325289,917426,90312,50582,1131,3863,530,1347,1037.0,68.0
Assam,Hailakandi,24.457496089385486,92.59154664804475,318,659296,226836,180530,251194,397653,8480,84,490,247,636,1051.0,62.0
Assam,Jorhat,26.76244824016563,94.30197722567289,312,1092256,432335,362594,1008219,54684,21051,1540,2378,719,578,1040.0,73.0
Assam,Kamrup,26.170939452054807,91.58863273972592,321,1517542,550219,445100,877495,601784,33297,319,185,1330,55,1053.0,66.0
Assam,Karbi Anglong,26.08966454598031,93.11536570271832,314,956313,314253,242961,766000,20290,157789,370,6260,397,3568,1052.0,58.0
Assam,Karimganj,24.69660712250711,92.3679498575498,317,1228686,435942,359355,521962,692489,11990,114,446,524,110,1038.0,65.0
Assam,Kokrajhar,26.497246635730868,90.13997470997688,300,887142,275220,214085,529068,252271,101091,93,1718,396,123,1043.0,55.0
Assam,Lakhimpur,27.141288059701495,94.0775949253732,307,1042137,375552,307934,797130,193476,46217,412,1074,250,2410,1034.0,66.0
Assam,Nagaon,26.26462170626351,92.9306191144708,305,2823768,921850,788866,1225246,1563203,26844,3036,1073,1162,61,1039.0,61.0
Assam,Nalbari,26.46323767605632,91.40598521126763,323,771639,293184,238587,491582,277488,429,62,27,1004,9,1054.0,69.0
Assam,Sonitpur,26.73514926829268,92.85197804878044,306,1924110,620525,488047,1422824,350536,138166,1363,5088,1003,221,1046.0,58.0
Assam,Tinsukia,27.53549291139241,95.69055949367085,309,1327929,453449,344873,1181347,48373,76877,1999,16228,837,395,1050.0,60.0
Bihar,Araria,26.211528119180603,87.30766554934816,209,2811569,727643,468125,1593525,1207442,4116,371,187,1910,63,1085.0,43.0
Bihar,Aurangabad,24.774291867469874,84.45986024096379,235,2540073,868733,597269,2291133,237353,2218,295,334,775,19,1080.0,58.0
Bihar,Aurangabad,24.774291867469874,84.45986024096379,515,3701282,1430936,1072901,2545438,786677,15991,5142,309093,30981,1005,1083.0,68.0
Bihar,Banka,24.832355642023337,86.8664916342413,225,2034763,590961,374360,1772655,250925,6138,139,113,94,1035,1103.0,47.0
Bihar,Begusarai,25.54302613168723,86.12560144032932,222,2970541,918507,630166,2554330,407348,2209,402,229,276,57,1117.0,52.0
Bihar,Bhagalpur,25.277192885375474,87.04213814229242,224,3037766,937669,635397,2487866,537098,3556,415,180,1050,32,1136.0,52.0
Bihar,Bhojpur,25.50666439393939,84.49407803030304,231,2728407,973486,625665,2518216,197819,2165,544,647,1472,48,1102.0,59.0
Bihar,Buxar,25.48593018867924,84.08808081760995,232,1706352,593544,396263,1591454,105423,2125,248,5090,97,57,1085.0,58.0
Bihar,Darbhanga,26.146187719298258,85.97387352472099,215,3937385,1125566,691068,3042729,881476,3534,832,245,236,101,1097.0,46.0
Bihar,Gaya,24.7266541547278,84.94291217765044,236,4391418,1368803,928810,3876395,488121,3943,913,870,1723,108,1067.0,52.0
Bihar,Gopalganj,26.44874364161851,84.34636127167629,217,2562012,793905,589093,2119262,436057,2463,271,167,133,28,979.0,54.0
Bihar,Jamui,24.78418380462726,86.26316298200514,238,1760405,534385,324203,1525746,217621,8443,162,159,87,3438,1085.0,49.0
Bihar,Jehanabad,25.155679045643165,84.9208124481328,239,1125313,374412,244469,1045117,75742,691,148,248,60,58,1085.0,55.0
Bihar,Katihar,25.56565356037151,87.70466083591326,212,3071029,762256,517934,1684589,1365645,8659,2754,212,507,2141,1088.0,42.0
Bihar,Khagaria,25.53558891454964,86.56593256351037,223,1666886,461153,306875,1486989,175588,1253,143,79,86,115,1129.0,46.0
Bihar,Kishanganj,26.324336758321294,87.95045007235886,210,1690400,439921,305135,531236,1149095,5783,398,183,1476,28,1053.0,44.0
Bihar,Lakhisarai,25.183449321266963,86.12825701357468,227,1000912,305182,202088,956396,40886,487,140,52,78,52,1109.0,51.0
Bihar,Madhepura,25.77341929460581,86.8978443983403,213,2001762,517666,316911,1753829,241760,1342,170,60,133,81,1098.0,42.0
Bihar,Madhubani,26.41380538172716,86.16328360450552,207,4487379,1340085,815253,3652168,818912,3262,564,328,442,169,1079.0,48.0
Bihar,Munger,25.198537962962963,86.54173672839504,226,1367765,473741,328076,1252319,110416,1815,338,95,145,61,1141.0,59.0
Bihar,Muzaffarpur,26.18664417177915,85.32745092024543,216,4801062,1487117,1022115,4032773,745546,5149,933,288,382,98,1112.0,52.0
Bihar,Nalanda,25.229345508982053,85.48053113772461,229,2877653,919558,600375,2669775,198033,1978,393,414,561,64,1084.0,53.0
Bihar,Nawada,24.825708836206903,85.61594568965519,237,2219146,659474,431538,1964620,244394,1299,250,176,279,80,1065.0,49.0
Bihar,Pashchim Champaran,27.16064352201258,84.30265911949685,203,3935042,1091226,668255,3047427,865090,8469,926,1337,296,1895,1100.0,45.0
Bihar,Patna,25.40297114503818,85.3198433587787,230,5838465,2028047,1431632,5356075,439952,12551,4803,1062,2151,203,1115.0,59.0
Bihar,Purba Champaran,26.68129336734693,85.00382155612242,204,5099371,1407603,869354,4086453,990349,4865,668,878,464,104,1109.0,45.0
Bihar,Purnia,25.81714801901739,87.40447606973065,211,3264619,805261,527065,1989420,1255641,7989,614,353,1450,650,1086.0,41.0
Bihar,Rohtas,24.99170460829495,83.9350762672811,234,2959918,1061783,738049,2645415,300487,2889,2569,1584,252,537,1090.0,61.0
Bihar,Saharsa,25.821270696721303,86.54670819672135,214,1900661,506374,298622,1629254,266620,1292,197,60,109,8,1104.0,42.0
Bihar,Samastipur,25.793205563909765,85.94833323308269,221,4261566,1293575,849305,3800598,452370,2126,554,292,231,112,1098.0,50.0
Bihar,Saran,25.89656077844312,84.82266287425155,219,3951862,1285767,871687,3534772,406449,2330,371,229,322,107,1049.0,55.0
Bihar,Sheikhpura,25.12472436548223,85.77839390862943,228,636342,196431,132245,596102,37653,313,75,41,43,31,1075.0,52.0
Bihar,Sheohar,26.458380748663107,85.29539411764709,205,656246,171645,112053,552492,99342,522,216,73,52,44,1120.0,43.0
Bihar,Sitamarhi,26.56570069686413,85.61172491289203,206,3423574,885188,551606,2672311,740101,2897,261,253,188,20,1113.0,42.0
Bihar,Siwan,26.1736372013652,84.33766552901022,218,3330464,1115906,814269,2712635,608282,2618,369,407,359,86,1012.0,58.0
Bihar,Supaul,26.28157893772896,86.78496465201461,208,2229076,647672,385611,1809936,409251,3758,271,136,546,42,1076.0,46.0
Bihar,Vaishali,25.8134703180212,85.39247597173153,220,3495021,1152576,774164,3152346,333980,2203,707,362,246,71,1118.0,55.0
Chandigarh,Chandigarh,30.7426,76.75872465753424,55,1055450,465346,340092,852574,51447,8720,138329,1160,1960,246,1223.0,76.0
Chhattisgarh,Bastar,19.393866751269048,81.52895126903546,414,1413199,382335,268528,1277975,12413,27951,2099,985,3466,86925,977.0,46.0
Chhattisgarh,Bilaspur,22.356942982456143,81.99770350877188,30,381956,155599,132021,371973,6984,236,2387,113,10,7,1019.0,75.0
Chhattisgarh,Bilaspur,22.356942982456143,81.99770350877188,406,2663629,932474,664086,2540763,57973,20745,6373,2979,2357,29122,1030.0,60.0
Chhattisgarh,Dhamtari,20.554912627291245,81.7569195519348,412,799781,303924,242909,777188,10425,2644,1196,667,3612,3685,990.0,68.0
Chhattisgarh,Durg,21.194463849287164,81.33181639511197,409,3343872,1284612,1018766,3129745,83499,24304,24276,19587,17209,42569,1012.0,69.0
Chhattisgarh,Jashpur,22.772861676646695,83.8703962075848,402,851669,280656,214759,629509,15336,189588,474,467,694,14835,995.0,58.0
Chhattisgarh,Korba,22.491712499999995,82.57604326923074,404,1206640,433391,315368,1133176,30195,21059,3666,897,753,15649,1032.0,62.0
Chhattisgarh,Koriya,23.50412776859501,82.12515636363635,400,658917,229923,167900,604259,25878,9398,1391,84,1155,15474,1033.0,60.0
Chhattisgarh,Mahasamund,21.22372703777335,82.65925427435384,411,1032754,364089,273874,1008061,12570,5284,2941,521,1495,1417,983.0,62.0
Chhattisgarh,Raigarh,22.008265068493166,83.27797698630134,403,1493984,542756,408883,1422986,17332,47653,2117,781,409,1782,1009.0,64.0
Chhattisgarh,Raigarh,22.008265068493166,83.27797698630134,520,2634200,1059692,880302,2239370,227465,17452,7477,121791,12260,1159,1042.0,74.0
Chhattisgarh,Raipur,20.88603153846152,82.20032759615388,410,4063872,1493158,1136591,3881485,103038,23181,16707,8397,17137,10680,1016.0,65.0
Chhattisgarh,Surguja,23.32719278728607,83.23582493887531,401,2359886,694686,493255,2126195,81442,97432,2303,1287,623,48295,1023.0,50.0
Daman and Diu,Daman,20.43161666666667,72.8392366071429,495,191173,104316,46032,171537,16087,2618,169,216,244,79,1874.0,79.0
Daman and Diu,Junagadh,20.72568199498111,70.83985639899612,479,2743082,1046981,795837,2397056,334858,2586,1110,1291,3841,77,1049.0,67.0
Goa,North Goa,15.548723418714054,73.80667997909038,585,818008,351738,311322,622213,57941,134169,618,553,546,166,1038.0,81.0
Goa,South Goa,15.195278658183785,73.941792596877,586,640537,264085,238342,341664,63623,231961,855,542,563,92,1014.0,78.0
Gujarat,Ahmadabad,22.605425564971743,72.23898135593227,474,7214225,3025463,2410297,6042416,883238,50754,14542,4518,209287,2055,1106.0,75.0
Gujarat,Amreli,21.04832649310872,71.43457637825426,480,1514190,558180,437279,1410463,99105,919,415,243,2053,40,1038.0,66.0
Gujarat,Anand,22.282718206229863,72.57782051557454,482,2092745,874481,676772,1798794,250919,29789,1524,267,8591,142,1081.0,74.0
Gujarat,Banas Kantha,24.258538965517253,71.93205252873561,469,3120506,1048402,656521,2890305,213505,1686,486,281,12659,83,1066.0,55.0
Gujarat,Bharuch,21.757872762377612,72.67326346710801,488,1551019,623047,495229,1188204,343511,9494,1733,442,4813,342,1081.0,72.0
Gujarat,Bhavnagar,21.702193903417356,72.16272632761141,481,2880365,1087371,799884,2632574,212863,3457,1410,445,26974,127,1072.0,66.0
Gujarat,Gandhinagar,23.193679790026255,72.67221679790026,473,1391753,582686,447808,1319586,57273,3237,1985,497,6405,82,1084.0,74.0
Gujarat,Jamnagar,22.410600414263328,69.62062005768233,477,2160119,795140,601394,1810443,320805,4392,1873,1086,18856,136,1065.0,65.0
Gujarat,Junagadh,20.929523011609785,70.54733890140345,479,2743082,1046981,795837,2397056,334858,2586,1110,1291,3841,77,1049.0,67.0
Gujarat,Kachchh,23.48057203301311,68.82192301497916,468,2092371,739239,513080,1608921,442355,6192,6353,490,25312,98,1102.0,60.0
Gujarat,Kheda,22.88765312500002,73.018803515625,483,2299885,942480,717763,2000884,264482,26629,1403,300,3479,82,1064.0,72.0
Gujarat,Mahesana,23.529355452865065,72.45545194085031,471,2035064,847499,655146,1885732,136431,1954,1082,146,7087,88,1080.0,74.0
Gujarat,Narmada,21.706663862928337,73.68403208722742,487,590297,211767,158569,559848,22600,4413,147,80,373,2078,1041.0,63.0
Gujarat,Navsari,20.866973318871995,72.86184869848157,490,1329672,539471,462438,1225087,78669,5733,2459,601,13386,2823,1041.0,75.0
Gujarat,Panch Mahals,22.80435606837605,73.61984598290586,484,2390776,858054,582751,2220974,158513,2863,662,337,5236,131,1054.0,60.0
Gujarat,Patan,23.80634198473284,71.75162977099237,470,1343734,494631,343282,1194745,142797,916,337,66,3602,66,1069.0,62.0
Gujarat,Porbandar,21.55092351651571,69.71896987722886,478,585449,221621,172057,549749,33565,500,248,91,515,38,1052.0,67.0
Gujarat,Rajkot,22.40603377715488,70.83679439383323,476,3804558,1514075,1210981,3397406,361388,5478,1918,1170,33591,269,1079.0,72.0
Gujarat,Sabar Kantha,23.71803594548552,73.13638790459964,472,2428589,918625,660109,2260560,148563,6375,614,168,11110,52,1051.0,65.0
Gujarat,Surat,21.25761372772093,72.93488716344339,492,6081322,2687468,1883942,5260193,660772,21052,5703,12902,112835,3920,1270.0,75.0
Gujarat,Surendranagar,22.82672007299272,71.48358740875906,475,1756268,643221,450405,1620282,109681,1419,512,312,22992,128,1075.0,62.0
Gujarat,The Dangs,20.801633877551023,73.6883518367347,489,228291,77314,63654,203545,3593,20029,69,32,39,560,994.0,62.0
Gujarat,Vadodara,22.26133739279589,73.49433010291594,486,4165626,1614087,1278993,3713941,384579,23813,9340,2069,27650,1124,1071.0,69.0
Gujarat,Valsad,20.44238231644259,72.9148584798345,491,1705678,655528,515129,1571147,94034,19661,1589,913,13809,1417,1084.0,69.0
Haryana,Ambala,30.3503672316384,76.94970310734456,70,1128350,461288,356737,955096,22143,3705,138202,381,4845,110,1130.0,72.0
Haryana,Bhiwani,28.728868064516128,76.02110225806452,81,1634445,643158,426713,1611031,15515,873,2401,254,1016,26,1129.0,65.0
Haryana,Faridabad,28.14873109756098,77.32718536585368,88,1809733,734940,537799,1588407,161680,9743,34572,640,4883,249,1145.0,70.0
Haryana,Fatehabad,29.572983185840716,75.54608716814157,78,942011,327471,230107,779243,8360,996,150969,171,1172,530,1109.0,59.0
Haryana,Gurgaon,28.043894789579163,77.01935130260523,86,1514432,638666,472450,1408801,70842,9725,15097,944,7451,254,1170.0,73.0
Haryana,Hisar,29.23628731117825,75.84324682779452,80,1743931,670200,444111,1701061,21650,1945,12270,334,3620,33,1147.0,64.0
Haryana,Jhajjar,28.59651868131869,76.61137142857145,83,958405,399480,276611,945693,8247,734,1042,105,645,22,1160.0,71.0
Haryana,Jind,29.45149821958457,76.29598575667653,77,1334152,502049,330709,1276669,23016,889,29103,172,2594,56,1148.0,62.0
Haryana,Kaithal,29.96068539094649,76.37698930041155,73,1074304,385782,260747,974520,8232,1769,87558,265,351,70,1135.0,60.0
Haryana,Karnal,29.703200647249204,76.87488025889972,74,1505324,564516,413497,1341002,31650,2049,126207,532,1516,49,1127.0,65.0
Haryana,Kurukshetra,30.05652659846548,76.78774680306903,72,964655,370828,276065,805175,15970,1943,140395,214,375,106,1126.0,67.0
Haryana,Mahendragarh,28.1352161458333,76.14018072916659,84,922088,380440,249815,913251,5660,301,1737,75,644,15,1118.0,68.0
Haryana,Panchkula,30.700897142857137,76.97173238095236,69,561293,229862,175456,490702,23451,2583,40951,1008,1626,90,1146.0,72.0
Haryana,Panipat,29.34352134146342,76.92895914634147,75,1205437,464136,322463,1083936,86622,2261,25064,289,4647,99,1158.0,65.0
Haryana,Rewari,28.19164714828897,76.55956007604564,85,900332,375453,261494,889133,5713,701,1804,202,1525,12,1113.0,71.0
Haryana,Rohtak,28.892517647058817,76.53123235294117,82,1061204,436025,311557,1043887,8185,732,3916,200,3491,24,1154.0,70.0
Haryana,Sirsa,29.635834463276836,74.90970480225988,79,1295189,456968,325929,940255,9524,2186,338962,370,2256,624,1114.0,60.0
Himachal Pradesh,Bilaspur,31.3780422907489,76.65316079295157,30,381956,155599,132021,371973,6984,236,2387,113,10,7,1019.0,75.0
Himachal Pradesh,Bilaspur,31.3780422907489,76.65316079295157,406,2663629,932474,664086,2540763,57973,20745,6373,2979,2357,29122,1030.0,60.0
Himachal Pradesh,Chamba,32.66741814595661,76.39354063116366,23,519080,186064,137778,479782,32455,1559,2745,1740,57,14,1014.0,62.0
Himachal Pradesh,Hamirpur,31.67668481012659,76.49767088607594,28,454768,180555,177536,449412,3711,243,591,95,293,9,913.0,79.0
Himachal Pradesh,Hamirpur,31.67668481012659,76.49767088607594,168,1104285,408125,245174,1010014,91269,814,196,74,41,273,1162.0,59.0
Himachal Pradesh,Kangra,32.14093603238864,76.41205910931173,24,1510075,606443,546197,1461140,19797,3023,8929,14511,194,208,988.0,76.0
Himachal Pradesh,Kinnaur,31.606671840659335,78.51613736263741,34,84121,36697,24002,64732,448,485,249,18086,29,45,1221.0,72.0
Himachal Pradesh,Kullu,31.90911922077925,77.40922649350647,26,437903,174550,133122,415669,2974,1568,1396,15377,94,83,1061.0,70.0
Himachal Pradesh,Mandi,31.635805940594057,76.96556930693067,27,999777,393669,330078,981412,9460,876,4081,2628,43,86,993.0,72.0
Himachal Pradesh,Shimla,31.155725451807253,77.62573042168668,33,814010,342846,269796,791449,11810,2025,4047,3262,185,197,1093.0,75.0
Himachal Pradesh,Sirmaur,30.682764453961443,77.43184689507493,32,529855,205617,157028,476830,33215,577,15501,2645,236,86,1090.0,68.0
Himachal Pradesh,Solan,31.038643119266037,76.94442140672783,31,580320,244372,184206,548579,14678,1452,13926,574,591,110,1137.0,74.0
Himachal Pradesh,Una,31.583303883495137,76.18353932038836,29,521173,213281,186434,480138,14275,390,26009,56,70,10,1024.0,77.0
Jammu and Kashmir,Doda,33.359614675767915,76.07163720136518,16,409936,138620,80463,187621,220614,472,422,21,22,42,1088.0,53.0
Jammu and Kashmir,Jammu,32.713199095022645,74.8477520361991,21,1529958,641916,495219,1289240,107489,12104,114272,470,1987,321,1136.0,74.0
Jammu and Kashmir,Kargil,33.565994894894914,76.63675315315312,4,140802,56301,29935,10341,108239,604,1171,20126,28,4,1234.0,61.0
Jammu and Kashmir,Kathua,32.51781678321678,75.58901398601404,7,616435,228499,160705,540063,64234,1828,9551,24,16,2,1123.0,63.0
Jammu and Kashmir,Pulwama,33.88414418604652,75.00921860465118,12,560440,178326,115632,13840,535159,1109,9440,35,6,18,1096.0,52.0
Jammu and Kashmir,Punch,33.791241290322574,74.29593161290322,5,476835,163333,98391,32604,431279,958,11188,83,10,2,1120.0,55.0
Jammu and Kashmir,Srinagar,34.27312898550724,75.11021159420288,10,1236829,431746,316838,42540,1177342,2746,12187,285,74,2,1112.0,61.0
Jammu and Kashmir,Udhampur,33.04770670731707,75.15286951219511,19,554985,197543,124811,489044,59771,1962,3418,106,57,235,1149.0,58.0
Jharkhand,Bokaro,23.6814965034965,85.98398374125864,355,2062330,759088,514432,1636460,241451,13730,4174,1890,2045,160524,1084.0,62.0
Jharkhand,Chatra,24.116199457504532,84.93295804701627,347,1042886,303902,206159,903179,116710,6565,888,35,129,12936,1049.0,49.0
Jharkhand,Deoghar,24.330701007556716,86.75697632241814,350,1492073,489837,303701,1165140,302626,6027,143,188,282,16067,1081.0,53.0
Jharkhand,Dhanbad,23.854509090909097,86.40372924901185,354,2684487,1014950,707254,2149480,431762,11243,9727,331,1268,77182,1100.0,64.0
Jharkhand,Dumka,24.275006125574265,87.27662450229711,362,1321442,406275,266134,1044726,106865,86404,234,267,162,78622,1024.0,51.0
Jharkhand,Garhwa,24.082114689265527,83.68664265536722,346,1322784,405161,248315,1104475,194680,17168,123,371,20,4591,1069.0,49.0
Jharkhand,Giridih,24.30578509874329,86.08710915619386,349,2445474,783736,469739,1856202,508586,14645,937,650,1503,59218,1060.0,51.0
Jharkhand,Godda,24.818899999999996,87.2941735483871,351,1313551,376212,228307,937126,289182,37795,97,128,115,47067,1067.0,46.0
Jharkhand,Gumla,23.078532948929148,84.55056787479396,366,1025213,321795,237925,309563,51429,202449,221,531,23,457468,1007.0,55.0
Jharkhand,Jamtara,23.978733180778015,86.95325080091534,363,791042,258260,168052,550560,164406,4419,520,118,783,68564,1048.0,54.0
Jharkhand,Latehar,23.72511185840708,84.48298743362837,359,726978,209706,140976,473049,69808,47653,120,128,16,133525,1035.0,48.0
Jharkhand,Lohardaga,23.488796043165483,84.6605169064748,356,461790,149568,110139,112378,95012,16770,51,33,15,235987,1015.0,56.0
Jharkhand,Pakur,24.572604280821892,87.69691969178076,353,900422,206989,145892,410127,322963,75865,356,283,222,88760,1011.0,39.0
Jharkhand,Palamu,24.196925968109337,84.20310842824594,358,1939869,621706,402857,1683169,238295,6164,734,188,284,5681,1078.0,53.0
Jharkhand,Ranchi,23.184235061391547,85.31781937244203,364,2914253,1085244,826189,1612239,410759,193974,4826,932,2733,677445,1053.0,66.0
Jharkhand,Sahibganj,24.93667989690721,87.68264097938142,352,1150567,287303,195960,628044,398243,83208,198,245,125,38426,1050.0,42.0
Jharkhand,Simdega,22.608760391198057,84.59193691931536,367,599578,191991,151492,201524,15103,306601,51,753,114,73930,1003.0,57.0
Karnataka,Bagalkot,16.15860676328503,75.64526070853468,556,1889752,641388,472024,1634229,219991,3433,443,412,25198,166,1011.0,59.0
Karnataka,Bangalore Rural,12.936827087794448,77.47369314775169,583,990923,385311,303438,890429,92252,5368,389,272,1045,85,1057.0,70.0
Karnataka,Belgaum,16.16107219152853,74.72329042357275,555,4779661,1725548,1326484,4038331,528412,18418,2037,1086,178310,149,1028.0,64.0
Karnataka,Bellary,15.074377548209377,76.47228471074374,565,2452595,813440,608181,2103633,320834,14014,1029,284,8044,54,1018.0,58.0
Karnataka,Bidar,17.950361730769224,77.19459961538459,558,1703300,597198,445475,1289709,335184,35438,1145,30453,680,521,1046.0,61.0
Karnataka,Bijapur,16.84015316666667,75.95909166666665,417,255230,54076,32843,245151,1617,2709,68,1649,15,3793,1017.0,34.0
Karnataka,Bijapur,16.84015316666667,75.95909166666665,557,2177331,730566,517702,1786830,369588,2433,558,374,8665,499,1042.0,57.0
Karnataka,Chikmagalur,13.425288289676422,75.67626502311249,570,1137961,438257,380088,1004553,101235,26000,182,109,4710,4,992.0,72.0
Karnataka,Chitradurga,14.29102220394736,76.57821957236843,566,1659456,607188,480204,1520553,128751,3175,322,84,3778,128,1027.0,66.0
Karnataka,Davanagere,14.330414586709884,75.91723841166937,567,1945497,720637,587903,1658465,265805,5420,307,164,6417,1743,1028.0,67.0
Karnataka,Dharwad,15.343831376975173,75.13831264108359,562,1847023,711776,589888,1390020,386834,28747,1486,715,29037,2748,1030.0,70.0
Karnataka,Gadag,15.507128256880746,75.64861302752298,561,1064570,397178,302999,907750,143665,3432,231,79,5993,74,1018.0,66.0
Karnataka,Gulbarga,17.070459515951594,76.87503850385033,579,2566326,828359,599009,2011014,513125,8344,826,9589,4865,330,1029.0,56.0
Karnataka,Hassan,12.945098749999998,76.11049549999997,574,1776421,668836,556420,1630814,120011,15611,289,623,5820,3,990.0,69.0
Karnataka,Haveri,14.737582809224318,75.3961230607966,564,1597668,603793,481650,1281878,297927,2406,419,68,9834,702,1052.0,68.0
Karnataka,Kodagu,12.39684468085106,75.79336595744688,576,554519,215302,197575,448986,87274,17130,139,126,250,220,981.0,74.0
Karnataka,Kolar,13.312799881235172,78.01376947743476,581,1536401,564110,452109,1305431,199873,26722,253,150,2494,92,1022.0,66.0
Karnataka,Koppal,15.651253271028034,76.1617048598131,560,1389920,468785,340300,1218024,161770,4081,296,85,2898,461,1014.0,58.0
Karnataka,Mandya,12.574901806239744,76.81570098522172,573,1805769,638668,510981,1712695,77801,8506,322,299,3607,109,1005.0,64.0
Karnataka,Mysore,12.248100259403367,76.52881802853437,577,3001127,1063766,898414,2631985,290549,39361,1255,16194,14419,493,1015.0,65.0
Karnataka,Raichur,16.050795353982295,76.87368606194688,559,1928812,577213,402556,1634062,272022,10394,538,2265,4156,29,1000.0,51.0
Karnataka,Shimoga,14.063845885634592,75.17882078103197,568,1752753,674938,588078,1479424,234664,26521,400,120,9234,367,1002.0,72.0
Karnataka,Tumkur,13.592467760074973,77.02297966260545,571,2678980,1006024,807367,2413812,245923,9130,477,187,5067,161,1017.0,68.0
Karnataka,Udupi,13.450404228534568,74.72009990316337,569,1177361,465704,460725,1009179,96740,65838,232,161,4534,155,914.0,79.0
Kerala,Alappuzha,9.542602965599087,76.38010796263319,598,2127789,890552,962245,1460447,224545,435056,268,146,74,311,909.0,87.0
Kerala,Ernakulam,10.004879301987431,76.26957729035381,595,3282388,1425723,1429953,1509557,514397,1248137,860,614,1176,1083,974.0,87.0
Kerala,Idukki,9.80480963855423,77.04586641566264,596,1108974,471881,451129,541854,82206,481507,100,189,44,384,994.0,83.0
Kerala,Kannur,11.941523076923056,75.35209891725934,589,2523003,1012956,1125478,1509592,742483,262526,424,1118,193,722,881.0,85.0
Kerala,Kasaragod,12.33310309912974,75.07768497134369,588,1307375,516476,521016,729987,486913,87454,151,362,130,152,926.0,79.0
Kerala,Kollam,8.929388820570157,76.6360775852431,600,2635375,1074345,1165928,1697635,508500,421598,208,272,63,619,898.0,85.0
Kerala,Kottayam,9.643701174068417,76.46059673302705,597,1974551,861592,888206,983598,126499,858608,204,358,83,565,962.0,89.0
Kerala,Kozhikode,11.392924270557026,75.71158720159153,591,3086293,1266939,1348504,1734958,1211131,131516,297,235,601,588,911.0,85.0
Kerala,Malappuram,10.97329875666072,75.93910775606876,592,4112920,1597404,1713911,1135259,2888849,81556,205,179,68,579,911.0,81.0
Kerala,Palakkad,10.784926903553291,76.49980490693744,593,2809934,1122600,1116892,1875980,812936,114397,220,238,78,400,937.0,80.0
Kerala,Thiruvananthapuram,8.537101759082221,76.88711502868073,601,3301427,1354857,1430551,2194057,452915,630573,404,301,76,1082,920.0,84.0
Kerala,Thrissur,10.458932647907687,76.12321940836945,594,3121200,1282261,1396287,1823442,532839,757484,259,278,62,585,903.0,86.0
Kerala,Wayanad,11.715277464788736,76.07587007042254,590,817420,328136,317449,404460,234185,174453,61,312,1797,286,966.0,79.0
Madhya Pradesh,Anuppur,23.18184220430107,81.86560000000007,461,749237,254120,182475,686524,21473,2132,606,86,1653,35434,1024.0,58.0
Madhya Pradesh,Ashoknagar,24.630988461538458,77.82974493927134,459,845071,290304,178805,778214,40707,635,8009,1352,15094,27,1106.0,56.0
Madhya Pradesh,Balaghat,21.80020720640569,80.42170053380796,457,1701698,626468,521155,1519384,38542,5295,1050,72162,4778,58064,980.0,67.0
Madhya Pradesh,Barwani,21.702135714285724,74.91004719710673,441,1385881,313642,236284,1318869,58222,2967,2361,416,2289,263,1019.0,40.0
Madhya Pradesh,Betul,21.964626315789474,77.7873428189117,447,1575362,529783,409986,1505745,37590,3271,1078,9651,3759,13048,1030.0,60.0
Madhya Pradesh,Bhind,26.35951126187245,78.7618324287653,420,1703005,676513,418404,1595400,66776,973,4047,12215,19950,73,1194.0,64.0
Madhya Pradesh,Bhopal,23.480726143790857,77.39246623093679,444,2371061,920314,740376,1755861,525434,23432,10789,21688,25950,335,1089.0,70.0
Madhya Pradesh,Burhanpur,21.364567254408065,76.24460478589425,467,757847,233073,175606,552526,180840,1199,1074,19883,1884,99,1052.0,54.0
Madhya Pradesh,Chhatarpur,24.813637376460004,79.56449299191374,425,1762375,572010,371023,1676918,70351,1980,968,250,10409,102,1133.0,54.0
Madhya Pradesh,Chhindwara,22.227966971713823,78.76413136439254,455,2090922,731294,562904,1923920,100692,4893,2258,24471,7830,25771,1037.0,62.0
Madhya Pradesh,Damoh,23.76624407960196,79.47049303482588,428,1264219,445737,301978,1186420,47966,1681,1096,119,25005,82,1099.0,59.0
Madhya Pradesh,Datia,25.90226439560441,78.63916571428574,422,786754,303815,187630,747693,28483,683,490,7923,453,10,1146.0,62.0
Madhya Pradesh,Dewas,22.7851110021322,76.46088805970157,437,1563715,550716,374653,1376591,174259,2355,2330,382,6497,72,1062.0,59.0
Madhya Pradesh,Dhar,22.572681718963153,75.1105620736698,438,2185793,638479,438859,2051219,116202,2261,1607,328,12199,88,1037.0,49.0
Madhya Pradesh,Dindori,22.837384370477572,81.04332966714911,453,704524,222759,155955,605435,6736,4238,260,61,687,84006,998.0,54.0
Madhya Pradesh,Guna,24.49043927178156,77.2235895968791,458,1241519,400537,253443,1172248,49203,1208,3271,529,13474,52,1097.0,53.0
Madhya Pradesh,Gwalior,26.040744419642852,78.12782433035713,421,2032036,803114,554096,1835299,141735,4119,24790,4361,18058,217,1158.0,67.0
Madhya Pradesh,Harda,22.227659781121783,77.07022571819435,448,570465,203807,148743,527462,38640,683,676,93,1573,55,1070.0,62.0
Madhya Pradesh,Hoshangabad,22.595268801996703,78.02168094841929,449,1241350,469199,341445,1175203,52269,4453,3127,1550,3888,107,1095.0,65.0
Madhya Pradesh,Indore,22.680265752128648,75.9133801324502,439,3276697,1289631,1019499,2728225,415142,18523,25696,11496,71667,720,1078.0,70.0
Madhya Pradesh,Jabalpur,23.18525572327043,79.98328754716981,451,2463289,980307,776161,2159065,203652,23142,13256,4320,33728,21010,1077.0,71.0
Madhya Pradesh,Jhabua,22.419578015397768,74.40921616766468,464,1025048,214582,137499,960925,15733,38423,141,65,8871,388,1010.0,34.0
Madhya Pradesh,Katni,23.724416229116937,80.33819665871127,450,1292042,460583,330190,1240650,37232,3158,1167,157,5342,2643,1051.0,61.0
Madhya Pradesh,Mandla,22.703487124463532,80.38600543633753,454,1054905,348033,256929,849518,16558,12450,436,297,1789,170533,992.0,57.0
Madhya Pradesh,Mandsaur,24.19278764044944,75.43588667736759,433,1340411,502898,331693,1192588,125548,1120,849,242,19029,77,1038.0,62.0
Madhya Pradesh,Morena,26.37313504531724,77.88447341389724,419,1965970,747652,432033,1875495,76159,1092,557,3234,6681,92,1190.0,60.0
Madhya Pradesh,Neemuch,24.703118933333357,75.06608186666664,432,826067,307889,200945,741288,67324,1508,1110,224,14165,115,1048.0,62.0
Madhya Pradesh,Panna,24.451325840092657,80.21133001158752,426,1016520,332140,220419,974748,35214,418,186,37,4734,218,1104.0,54.0
Madhya Pradesh,Raisen,23.292518206521724,78.16305495923909,446,1331597,479093,341127,1195235,120331,1725,2262,253,10637,190,1109.0,62.0
Madhya Pradesh,Rajgarh,23.785499026425583,76.66431223922116,442,1545814,488797,315448,1433879,106928,1243,460,121,1599,50,1046.0,52.0
Madhya Pradesh,Ratlam,23.503562290502792,75.14895782122909,434,1455069,485090,340790,1267043,151071,3996,1353,175,29353,123,1030.0,57.0
Madhya Pradesh,Rewa,24.861184625158856,81.57572465057183,430,2365106,845572,596185,2268838,85414,1964,832,986,655,232,1075.0,61.0
Madhya Pradesh,Sagar,23.800318709677377,78.71940357771273,427,2378458,908607,637112,2198297,103480,5580,4146,991,62992,168,1119.0,65.0
Madhya Pradesh,Satna,24.62777621776502,80.75547048710598,429,2228935,801051,570730,2158623,59471,2228,1163,364,3135,1689,1080.0,62.0
Madhya Pradesh,Sehore,22.9297199679658,77.06780202883085,445,1311332,469208,311154,1163607,137980,1404,640,357,6232,66,1089.0,60.0
Madhya Pradesh,Seoni,22.33230487804874,79.66053863928111,456,1379131,485341,378853,1145052,79739,1857,360,7288,4982,135315,1018.0,63.0
Madhya Pradesh,Shahdol,23.44859864559819,81.4596831828442,460,1066063,348761,255433,997073,42426,2372,912,268,1737,19448,1027.0,57.0
Madhya Pradesh,Shajapur,23.566620317220547,76.33555181268885,436,1512681,543509,351103,1321003,174724,815,631,179,13755,66,1066.0,59.0
Madhya Pradesh,Sheopur,25.78014810996563,77.16911116838484,418,687861,208201,119824,638702,41396,230,6387,201,379,40,1110.0,48.0
Madhya Pradesh,Shivpuri,25.37802451874367,77.74861600810549,423,1726050,573242,327604,1648749,51200,1117,7151,3421,12171,72,1141.0,52.0
Madhya Pradesh,Sidhi,24.175471899529057,82.1053783359498,462,1127033,353030,247755,1077545,34419,511,128,92,93,12556,1045.0,53.0
Madhya Pradesh,Tikamgarh,25.14099852104666,78.89357064846428,424,1445166,459353,288587,1383475,44143,588,251,109,15569,39,1110.0,52.0
Madhya Pradesh,Ujjain,23.319288862745065,75.80383717647058,435,1986864,730817,510173,1718204,233133,4659,3241,945,24622,211,1047.0,62.0
Madhya Pradesh,Umaria,23.59601063063061,80.90879477477475,431,644758,210907,145765,620515,15966,667,190,70,220,6028,1053.0,55.0
Madhya Pradesh,Vidisha,23.828383079847917,77.9013507604563,443,1458875,512344,350574,1287391,149548,1313,914,295,18490,70,1116.0,59.0
Maharashtra,Akola,20.746310479041902,77.12122320359276,501,1813906,758977,652304,1107809,357253,4483,1504,328033,10205,389,1058.0,78.0
Maharashtra,Amravati,21.16520991810736,77.67583503184723,503,2888445,1207104,1044771,2055177,421410,7223,2242,383891,11360,3288,1052.0,78.0
Maharashtra,Aurangabad,20.097922883295197,75.32072196796334,235,2540073,868733,597269,2291133,237353,2218,295,334,775,19,1080.0,58.0
Maharashtra,Aurangabad,20.097922883295197,75.32072196796334,515,3701282,1430936,1072901,2545438,786677,15991,5142,309093,30981,1005,1083.0,68.0
Maharashtra,Bhandara,21.211792649727748,80.10950199637024,506,1200334,488709,411151,1009352,26502,2145,831,154458,1017,3555,1018.0,75.0
Maharashtra,Bid,18.952353340080982,75.69319706477731,523,2585049,987185,731322,2174672,320395,2097,824,68482,8719,399,1092.0,66.0
Maharashtra,Buldana,20.56680611183355,76.39017880364096,500,2586258,1048892,830982,1845424,354236,3531,1668,364229,12242,522,1071.0,73.0
Maharashtra,Chandrapur,20.095609090909075,79.31556380471388,509,2204307,872565,706050,1780085,92297,10701,5251,286734,3861,23188,1040.0,72.0
Maharashtra,Dhule,21.274018690400514,74.58719071837263,498,2050862,723388,570528,1825460,187901,3653,1422,13405,12818,912,1057.0,63.0
Maharashtra,Gondiya,21.225008411214993,80.17522698598128,507,1322507,542837,461406,1153861,26157,1827,2160,125282,1568,5080,1001.0,76.0
Maharashtra,Hingoli,19.59525302245251,77.09239412780653,512,1177345,450551,340192,863199,127552,992,643,176679,5278,103,1062.0,67.0
Maharashtra,Jalgaon,20.8828943415638,75.55140421810695,499,4229917,1629223,1262659,3457615,560261,7091,3091,143865,27404,9662,1081.0,68.0
Maharashtra,Jalna,19.984612534818933,75.98473607242339,514,1959046,699428,496095,1504641,274221,12542,1629,152540,9619,336,1067.0,61.0
Maharashtra,Kolhapur,16.44881301587301,74.12897150793648,530,3876001,1559760,1266085,3379906,286558,15573,1570,29766,154882,1274,1045.0,73.0
Maharashtra,Latur,18.348687268993856,76.75812607802874,524,2454196,932432,718240,2006984,367664,2387,935,66535,6387,310,1078.0,67.0
Maharashtra,Nagpur,21.196556862745105,79.02166176470584,505,4653570,1959220,1714588,3492202,390974,34667,20469,668050,24528,12181,1051.0,79.0
Maharashtra,Nanded,19.209316983017,77.6829048951049,511,3361292,1255222,934203,2501741,471951,3902,13540,354189,5049,1273,1061.0,65.0
Maharashtra,Nandurbar,21.523175625248147,74.32638757443429,497,1648295,512099,394410,1521618,96182,8467,685,4969,6191,2907,1022.0,55.0
Maharashtra,Nashik,20.266912871287143,74.03824168316828,516,6107187,2397538,1947828,5237009,693052,23946,8912,94783,38212,1795,1070.0,71.0
Maharashtra,Osmanabad,18.194594560669437,75.99495575313809,525,1657576,644304,493506,1437623,178925,942,340,28216,4530,195,1082.0,69.0
Maharashtra,Parbhani,19.31032425249168,76.70163338870431,513,1836086,666291,491523,1328385,306364,2081,1371,187899,6238,262,1056.0,63.0
Maharashtra,Pune,18.51696171428573,74.12922881632647,521,9429408,3940210,3231513,8090254,673704,134192,27090,340404,127786,9873,1093.0,76.0
Maharashtra,Raigarh,18.453257637845976,73.0090609418579,403,1493984,542756,408883,1422986,17332,47653,2117,781,409,1782,1009.0,64.0
Maharashtra,Raigarh,18.453257637845976,73.0090609418579,520,2634200,1059692,880302,2239370,227465,17452,7477,121791,12260,1159,1042.0,74.0
Maharashtra,Ratnagiri,17.210195070127703,73.25725893866404,528,1615069,619012,580380,1307211,187197,1990,230,113467,3347,95,891.0,74.0
Maharashtra,Sangli,17.154930181086502,74.70713822937628,531,2822143,1121550,927917,2440312,239607,9098,1260,38210,87453,769,1036.0,73.0
Maharashtra,Satara,17.6737908974359,74.18052064102558,527,3003741,1201034,1024660,2691952,146970,4408,1182,141315,12810,676,1012.0,74.0
Maharashtra,Sindhudurg,16.170948049777163,73.51329008172343,529,849651,348289,317778,780384,26264,15471,219,24762,1046,53,965.0,78.0
Maharashtra,Solapur,17.837357937584812,75.42394823609216,526,4317756,1651266,1259410,3795424,441254,9882,1279,35497,28134,568,1066.0,67.0
Maharashtra,Thane,19.698767747440264,72.79882742564581,517,11060148,4591396,3635765,8716055,1355630,280700,39149,449617,172052,9862,1129.0,74.0
Maharashtra,Wardha,20.80743024390242,78.57259105691062,504,1300774,552617,466841,1057096,53854,2696,2147,175417,5663,2254,1057.0,78.0
Maharashtra,Washim,20.282282394366213,77.25502394366208,502,1197160,487703,382214,859949,142672,1707,518,179330,8476,381,1075.0,73.0
Maharashtra,Yavatmal,20.04258346738159,78.05326371760479,510,2772348,1115980,906594,2251401,239236,4567,1596,249874,11422,3745,1050.0,73.0
Manipur,Bishnupur,24.50712111801243,93.8246236024845,275,237399,87313,69020,175102,18691,4264,56,76,16,38457,1001.0,66.0
Manipur,Chandel,24.2635812987013,94.09443844155844,280,144182,51053,39249,10810,3086,129049,136,400,59,354,1071.0,63.0
Manipur,Churachandpur,24.30309718875504,93.38671506024085,274,274143,104013,91922,12034,2886,254979,152,495,87,2333,1026.0,71.0
Manipur,Senapati,25.08465586034914,94.03366234413956,272,479148,148012,116465,43833,1649,426819,140,2409,53,1243,1067.0,55.0
Manipur,Tamenglong,24.98312942238265,93.49450740072204,273,140651,47403,37603,2995,589,134760,59,425,57,1144,1060.0,60.0
Manipur,Thoubal,24.545392553191498,93.97959893617023,276,422168,152617,116687,267146,107323,4322,106,114,24,42347,998.0,64.0
Manipur,Ukhrul,25.059003149606298,94.44129566929138,279,183998,70148,59681,7553,1115,174112,108,635,70,32,1061.0,71.0
Meghalaya,East Garo Hills,25.82728228228228,90.64684924924916,294,317917,102513,89634,17272,3359,289708,56,1004,38,5617,1029.0,60.0
Meghalaya,East Khasi Hills,25.303763888888884,91.75922519841272,298,825922,287270,290760,144935,14185,543394,2495,3111,303,115597,989.0,70.0
Meghalaya,Jaintia Hills,25.33959557069844,92.37608160136298,299,395124,87371,100156,12456,1646,271596,34,284,45,107559,987.0,47.0
Meghalaya,South Garo Hills,25.240568578553617,90.64560349127176,295,142334,45003,37059,7036,1050,132984,27,332,10,362,1058.0,58.0
Meghalaya,West Garo Hills,25.495285185185185,90.03709947089942,293,643291,193438,165264,122936,106788,389956,209,3392,144,16950,1016.0,56.0
Meghalaya,West Khasi Hills,25.500889926739926,91.25364542124538,296,383461,117307,113371,6498,1533,366881,58,1313,38,5878,1021.0,60.0
Mizoram,Aizawl,23.907813354531015,92.85359459459472,283,400309,169547,171048,13249,5264,379134,105,1570,76,505,991.0,85.0
Mizoram,Champhai,23.54166580976866,93.24221799485862,284,125745,51440,49362,1075,699,123446,9,151,45,194,1017.0,80.0
Mizoram,Kolasib,24.202000434782597,92.73470391304348,282,83955,34147,31748,4000,4426,75210,16,108,2,46,1046.0,78.0
Mizoram,Lawngtlai,22.361028431372535,92.66964156862753,287,117894,36444,26417,1668,522,63892,52,51549,122,2,1058.0,53.0
Mizoram,Lunglei,23.007717036172675,92.63512555425892,286,161428,64515,56607,5231,1290,127124,74,27543,93,5,1055.0,75.0
Mizoram,Mamit,23.73852942502819,92.4330803833147,281,86364,32977,27214,2989,1782,69104,13,12328,25,19,1079.0,70.0
Mizoram,Saiha,22.35744801061008,93.02827931034489,288,56574,21861,20372,933,514,54977,11,102,4,2,1022.0,75.0
Mizoram,Serchhip,23.263864705882344,92.914158496732,285,64937,27598,26878,991,335,63444,6,60,9,35,1024.0,84.0
Nagaland,Dimapur,25.814176811594223,93.75074057971014,265,378811,150142,127895,108900,31212,234239,566,1270,2148,157,1088.0,73.0
Nagaland,Kohima,25.60311428571428,93.78600657596373,270,267988,107038,90451,25496,4384,234955,998,1519,80,335,1077.0,74.0
Nagaland,Mokokchung,26.478911764705888,94.522426006192,262,194622,83479,76015,9840,2057,181847,78,442,66,6,1081.0,82.0
Nagaland,Mon,26.69207374301676,95.03072988826828,261,250260,67432,52194,8102,3444,236494,84,1256,314,1,1112.0,48.0
Nagaland,Phek,25.63272986577182,94.56814563758392,266,163418,57926,47967,3563,950,158224,31,350,17,198,1051.0,65.0
Nagaland,Tuensang,26.211044532803157,94.85809880715708,267,196596,63653,53858,2979,1052,191864,27,572,5,1,1077.0,60.0
Nagaland,Wokha,26.202611551155112,94.1990815181518,264,166343,67385,60823,5605,2043,158236,34,318,8,20,1033.0,77.0
Nagaland,Zunheboto,26.028178205128206,94.50026666666668,263,140757,53504,49377,2580,772,136995,39,286,6,2,1024.0,73.0
Orissa,Baleshwar,21.48570932311624,87.08085828011933,377,2320529,902359,718873,2197709,94254,6434,237,111,201,18345,1045.0,70.0
Orissa,Bhadrak,20.95262735257214,86.81496204516931,378,1506337,596269,497871,1398543,104202,745,169,81,111,61,1019.0,73.0
Orissa,Cuttack,20.407640646029623,85.7776810228802,381,2624470,1103033,908436,2457729,141263,11985,1026,6276,1180,168,1064.0,77.0
Orissa,Dhenkanal,20.798871593533494,85.53226836027711,383,1192811,464093,365817,1185542,4805,727,124,366,39,139,1056.0,70.0
Orissa,Gajapati,19.121080882352945,84.14015091911759,389,577817,153663,108874,353160,1556,219482,53,2180,66,4,959.0,45.0
Orissa,Ganjam,19.263261756453396,84.80297710437702,388,3529031,1262652,947398,3486059,13315,23975,590,174,170,76,1017.0,63.0
Orissa,Jharsuguda,21.827058566978184,83.93581682242987,371,579505,228092,177787,553587,12783,10462,1441,80,70,67,1049.0,70.0
Orissa,Kalahandi,19.784253092783523,83.1124043814433,395,1576869,484177,317859,1555367,4975,11160,796,175,1225,220,997.0,51.0
Orissa,Kandhamal,20.092878624813142,84.02216352765326,390,733110,233900,165886,580300,2138,148895,82,290,47,23,965.0,55.0
Orissa,Kendrapara,20.606319815982264,86.83763247572003,379,1440361,579970,509295,1386792,50247,1423,169,62,52,24,993.0,76.0
Orissa,Khordha,20.054162322274863,85.52234834123229,386,2251673,957515,792421,2147632,84060,12527,1264,475,476,434,1076.0,78.0
Orissa,Koraput,18.82627794779476,82.81278469846964,398,1379647,340843,227247,1294151,8850,68550,518,219,491,3384,969.0,41.0
Orissa,Malkangiri,18.25227930367506,81.98293636363628,399,613192,147001,97705,600219,1871,10039,213,43,195,35,981.0,40.0
Orissa,Mayurbhanj,21.89762154515775,86.4030408052231,376,2519738,794171,575226,2113079,33706,15008,661,162,109,351714,994.0,54.0
Orissa,Nayagarh,20.192895622119817,85.05614700460825,385,962789,392333,296029,955754,5278,383,107,33,24,12,1092.0,71.0
Orissa,Nuapada,20.471309512195113,82.59152536585364,394,610382,180903,118480,601092,4952,1778,724,76,905,22,979.0,49.0
Orissa,Puri,19.835091746031775,85.86698989898981,387,1698730,704857,587082,1644905,46094,4239,193,243,94,302,1038.0,76.0
Orissa,Rayagada,19.292840020060204,83.45860120361095,396,967911,241959,165776,874445,4607,84916,219,249,123,44,952.0,42.0
Orissa,Sambalpur,21.515752380952385,84.34958483245157,372,1041099,393192,310499,964188,20120,50637,2506,310,86,1117,1025.0,68.0
Orissa,Sundargarh,22.06354819277107,84.50524819277099,374,2093437,750147,592175,1532352,71391,385011,5713,710,721,89986,1028.0,64.0
Puducherry,Karaikal,10.876161726078813,79.82369793621002,637,200222,79903,75013,152638,28835,18391,46,63,54,14,955.0,77.0
Puducherry,Mahe,12.006420793787758,75.28275021570326,636,41816,16610,19860,27940,12856,958,3,21,14,3,844.0,87.0
Puducherry,Yanam,16.707695652173904,82.26187304347832,634,55626,19919,19355,53537,1191,873,3,1,4,4,964.0,71.0
Punjab,Amritsar,31.548679820627775,74.79883856502238,49,2490656,932981,751789,690939,12502,54344,1716935,876,3152,1044,1125.0,68.0
Punjab,Bathinda,30.190524611973352,75.05685898004438,46,1388525,488261,356607,380569,16299,2474,984286,246,1266,559,1152.0,61.0
Punjab,Faridkot,30.591187250996025,74.79751553784862,45,617508,215767,165518,141363,3125,1227,469789,155,1109,103,1123.0,62.0
Punjab,Fatehgarh Sahib,30.64290947368421,76.36208394736842,40,600163,238696,187337,152851,16808,1698,427521,48,178,251,1148.0,71.0
Punjab,Firozpur,30.63407535211269,74.40245732394365,43,2029074,707070,520441,906408,6844,19358,1090815,454,1143,278,1119.0,60.0
Punjab,Gurdaspur,32.04283371212125,75.3204064393939,35,2298323,907660,727059,1074332,27667,176587,1002874,405,580,812,1117.0,71.0
Punjab,Hoshiarpur,31.55157169811319,75.8469857442349,38,1586625,637927,561772,1000743,23089,14968,538208,3476,2034,531,1040.0,76.0
Punjab,Jalandhar,31.250336907216507,75.54400350515463,37,2193590,882581,739956,1394329,30233,26016,718363,11385,4011,805,1092.0,74.0
Punjab,Kapurthala,31.336592638036834,75.47641165644177,36,815168,316254,260313,336124,10190,5445,453692,6662,553,334,1096.0,71.0
Punjab,Ludhiana,30.76596397379912,75.83110851528383,41,3498739,1428348,1131877,1502403,77713,16517,1863408,2007,19620,1254,1145.0,73.0
Punjab,Mansa,29.919547714285724,75.4304922857143,47,769751,244037,179523,156539,10375,917,598443,123,1577,493,1132.0,55.0
Punjab,Moga,30.756540067340065,75.1600845117845,42,995746,348549,279340,158414,9388,3277,818921,178,436,365,1119.0,63.0
Punjab,Muktsar,30.31243303303303,74.5518747747748,44,901896,300401,224447,254920,4333,1681,638625,240,744,433,1116.0,58.0
Punjab,Patiala,30.214540380693364,76.27505893949697,48,1895686,711052,555739,783306,40043,5683,1059944,245,1914,1410,1122.0,67.0
Punjab,Rupnagar,30.910937330754347,76.53743500967126,51,684627,278534,224197,304481,14492,2094,361045,118,653,143,1093.0,73.0
Punjab,Sangrur,30.185045204336895,75.89437014178496,53,1655169,570413,431664,389410,179116,2406,1077438,268,3222,1038,1130.0,61.0
Rajasthan,Ajmer,26.199300378787903,74.6990419191919,119,2583052,926268,600405,2201663,314159,10605,6799,417,45614,184,1052.0,59.0
Rajasthan,Alwar,27.55271738035265,76.65359630562563,104,3674179,1359829,822647,3039279,547335,2696,64532,4384,13221,348,1117.0,59.0
Rajasthan,Banswara,23.453642032967014,74.44246868131869,125,1797485,513854,315489,1701234,48834,22250,427,138,22613,109,1020.0,46.0
Rajasthan,Baran,24.980232432432437,76.86210651828291,128,1222755,432607,260700,1133349,79984,1432,3066,84,2795,48,1077.0,57.0
Rajasthan,Barmer,25.77070908045978,71.50297126436782,115,2603751,783461,404861,2244882,321192,1157,450,157,34010,34,1109.0,46.0
Rajasthan,Bharatpur,27.32411858037578,77.21752077244258,105,2548462,943910,536959,2143046,371286,1576,23456,899,5758,18,1137.0,58.0
Rajasthan,Bhilwara,25.451197677595637,74.63947595628417,122,2408523,777582,478544,2224839,142427,1978,1468,183,35149,60,1028.0,52.0
Rajasthan,Bikaner,28.124890683229815,73.26943322981371,101,2363937,782399,496402,2073356,235741,1901,20072,285,30850,79,1105.0,54.0
Rajasthan,Bundi,25.48580716049379,75.79984074074079,121,1110906,371705,213339,1017688,66609,682,11059,144,13455,24,1081.0,53.0
Rajasthan,Chittaurgarh,24.631623761665463,74.80010997846382,126,1544338,514851,306974,1413163,97855,1274,1515,252,25843,136,1029.0,53.0
Rajasthan,Churu,28.29330375536484,74.65846427038629,102,2039547,696729,452540,1777879,249736,958,402,188,7104,127,1064.0,56.0
Rajasthan,Dausa,26.91234817629181,76.57342097264443,109,1634409,596935,341116,1582335,45488,439,296,94,3737,115,1105.0,57.0
Rajasthan,Dhaulpur,26.723970549450534,77.74476219780222,106,1206516,435721,247377,1127520,72258,688,1356,92,2739,21,1182.0,57.0
Rajasthan,Dungarpur,23.751048076923077,73.84765641025645,124,1388552,415820,265771,1340065,28662,830,240,226,16141,853,1007.0,49.0
Rajasthan,Ganganagar,29.256785412667963,73.56192303262948,99,1969168,710908,482435,1437144,50688,2077,474853,938,1988,164,1127.0,61.0
Rajasthan,Hanumangarh,29.1813351791531,74.74632573289902,100,1774692,624281,409855,1433067,118673,1542,216997,241,1935,138,1104.0,58.0
Rajasthan,Jaipur,27.033459290187885,75.77117286012533,110,6626178,2554793,1746172,5819980,687452,12708,18782,1020,81079,257,1098.0,65.0
Rajasthan,Jaisalmer,26.86900838548185,71.18371877346682,114,669919,210415,98238,497045,168129,874,1723,98,1521,34,1174.0,46.0
Rajasthan,Jalor,25.07578093797277,72.18647261724662,116,1828730,543923,285659,1732852,78990,730,231,144,14640,82,1050.0,45.0
Rajasthan,Jhalawar,24.247255414746572,76.11242891705065,129,1411129,466815,272977,1299751,96164,842,819,46,12488,42,1057.0,52.0
Rajasthan,Jhunjhunun,28.13517401247401,75.52840893970894,103,2137045,815834,554526,1905682,228178,1004,275,56,548,85,1053.0,64.0
Rajasthan,Jodhpur,26.678460838536967,73.00450847457628,113,3687165,1265753,765779,3224399,411558,6035,4123,514,36697,80,1091.0,55.0
Rajasthan,Karauli,26.51901555555556,76.96081818181815,107,1458248,531904,273945,1370977,81553,602,297,70,3424,413,1162.0,55.0
Rajasthan,Kota,25.175718080000017,76.18618928000001,127,1951014,765396,532949,1661307,243993,5665,11058,280,25742,286,1098.0,67.0
Rajasthan,Nagaur,27.07862016048146,74.14215667001012,112,3307743,1102750,655874,2833443,454487,1912,366,163,12940,276,1053.0,53.0
Rajasthan,Pali,25.80490393541874,73.55285640766907,118,2037573,667381,418312,1870543,143476,1345,1540,141,18974,52,1013.0,53.0
Rajasthan,Rajsamand,25.24894767441859,73.96570215946844,123,1156597,383334,235805,1105676,33677,759,260,100,14966,68,1011.0,54.0
Rajasthan,Sawai Madhopur,26.251081180223288,76.4219283891548,108,1335551,486184,255564,1165505,155681,945,812,177,9991,42,1115.0,56.0
Rajasthan,Sikar,27.646440586419757,75.29317422839503,111,2677333,995275,656842,2342076,327583,1122,356,177,4050,15,1056.0,62.0
Rajasthan,Sirohi,24.7976905263158,72.75309131578943,117,1036346,309900,166906,996562,30479,1284,572,114,6829,56,1064.0,46.0
Rajasthan,Tonk,26.153935071707927,75.79192216427637,120,1421326,478329,271330,1243527,153146,754,378,122,22458,30,1050.0,53.0
Rajasthan,Udaipur,24.44076752136749,73.84029839743584,130,3068420,973444,609185,2869976,104307,7406,4278,209,78647,373,1043.0,52.0
Sikkim,East,27.29600352941175,88.74908392156858,93,1709346,748382,604616,1410852,178807,15792,53027,2643,46927,366,1132.0,79.0
Tamil Nadu,Ariyalur,11.190514836795256,79.22249643916912,616,754894,269582,211022,708397,7942,37403,104,88,65,42,986.0,64.0
Tamil Nadu,Chennai,13.058098905608748,80.28139151846806,603,4646732,1968079,1808197,3751322,439270,358662,2851,2804,51708,1759,1011.0,81.0
Tamil Nadu,Coimbatore,10.871376995940452,77.07619012178621,632,3458045,1394790,1241117,3044145,211035,190314,1112,435,3284,237,1000.0,76.0
Tamil Nadu,Cuddalore,11.57587300613498,79.63002365371497,617,2605914,1000322,814959,2391675,123749,83334,401,236,1280,138,1014.0,70.0
Tamil Nadu,Dharmapuri,12.300141200000006,78.11509813333339,630,1506843,527599,390110,1452956,38304,14089,164,39,37,87,1057.0,61.0
Tamil Nadu,Dindigul,10.377801390820574,77.78011279554937,612,2159775,816180,665654,1879494,105012,169945,313,256,71,138,1002.0,69.0
Tamil Nadu,Erode,11.267012155963302,77.42034334862392,610,2251744,828300,664362,2115455,76098,55899,435,148,639,157,1007.0,66.0
Tamil Nadu,Kancheepuram,12.496424756511884,80.08820360135913,604,3998252,1611461,1401921,3537399,173785,256762,1620,990,4962,756,1014.0,75.0
Tamil Nadu,Kanniyakumari,8.183466300191206,77.32053064053538,629,1870374,780541,768197,909872,78590,876299,160,438,156,10,981.0,83.0
Tamil Nadu,Karur,10.79532776617955,78.08749686847604,613,1064493,401726,325318,993666,53292,16483,115,29,7,79,985.0,68.0
Tamil Nadu,Madurai,9.904313833333331,78.01366033333332,623,3038252,1223810,1049620,2760502,168881,97711,520,199,1532,305,1010.0,75.0
Tamil Nadu,Nagapattinam,10.789468161718286,79.79437299431483,618,1616450,640916,572092,1435072,128617,47579,184,450,963,110,975.0,75.0
Tamil Nadu,Namakkal,11.33766638477801,78.14624841437633,609,1726601,653312,522819,1673652,32483,16909,183,108,84,199,1014.0,68.0
Tamil Nadu,Perambalur,11.260137758112096,78.86034011799416,615,565223,208011,167812,521658,32702,10301,83,39,38,26,997.0,66.0
Tamil Nadu,Pudukkottai,10.130514816433578,79.05444484265728,621,1618345,608776,501769,1428784,114194,72850,119,81,32,293,985.0,69.0
Tamil Nadu,Ramanathapuram,9.31286995153476,78.99185362412462,626,1353445,536487,442459,1047411,208038,91139,154,86,29,36,1018.0,72.0
Tamil Nadu,Salem,11.629324202127655,78.2478257978723,608,3482056,1285107,1000455,3326357,95487,53841,412,174,992,246,1048.0,66.0
Tamil Nadu,Sivaganga,9.960306580645158,78.56535729032255,622,1339101,526304,433440,1186078,74310,75481,150,80,109,24,997.0,72.0
Tamil Nadu,Thanjavur,10.387692255892237,79.3194869107745,620,2405890,944264,846734,2075870,190814,133971,231,795,1256,148,966.0,74.0
Tamil Nadu,Theni,9.924066666666668,77.43458833333332,624,1245899,479403,390677,1148990,56751,37574,152,79,28,74,1009.0,70.0
Tamil Nadu,Thiruvallur,13.275858101752885,80.19724702864492,602,3728104,1495711,1296010,3325823,143093,233633,1422,951,3693,530,1013.0,75.0
Tamil Nadu,Thiruvarur,10.368927409395978,79.60322893959727,619,1264277,503085,443386,1132785,96092,33192,258,151,279,64,983.0,75.0
Tamil Nadu,Tiruvannamalai,12.419318947368414,79.23265631578953,606,2464875,909803,717010,2294369,91636,66987,232,157,7898,110,1006.0,66.0
Tamil Nadu,Vellore,12.784882632293078,79.02643283582084,605,3936331,1504355,1269573,3397857,414760,111390,676,438,3514,251,993.0,70.0
Tamil Nadu,Virudhunagar,9.468872195892564,77.87641469194315,625,1942288,760375,638413,1822626,47838,67405,245,87,98,75,993.0,72.0
Tripura,Dhalai,23.781360477941163,91.94654283088232,291,378230,151643,124574,307120,8256,22940,175,39120,85,206,1059.0,73.0
Tripura,North Tripura,24.121739755351683,92.17842538226292,292,693947,275646,244756,507967,105737,44062,151,34717,307,70,1035.0,75.0
Tripura,South Tripura,23.211874098057383,91.6065807585568,290,876001,351082,295728,736015,49258,39258,245,49420,106,808,1045.0,74.0
Tripura,West Tripura,23.780166241299337,91.41310788863107,289,1725739,722998,638356,1512801,152791,53622,499,2128,362,430,1039.0,79.0
Uttar Pradesh,Agra,26.995129749103935,78.05278291517321,146,4418797,1614594,1065916,3922718,411313,10076,12057,4049,21508,384,1151.0,61.0
Uttar Pradesh,Aligarh,27.937485768500935,78.00146831119557,143,3673889,1283380,809187,2904140,729283,7635,5875,2582,2805,91,1134.0,57.0
Uttar Pradesh,Allahabad,25.392038662316445,82.05172446982063,175,5954391,2199340,1466387,5102041,796756,13782,4377,4391,2247,305,1110.0,62.0
Uttar Pradesh,Ambedkar Nagar,26.39119025974028,82.68282142857147,178,2397888,846676,640263,1985654,401678,2536,869,1817,235,33,1023.0,62.0
Uttar Pradesh,Auraiya,26.66892394014961,79.42637057356607,162,1379545,546198,384638,1273546,101963,1004,371,332,228,444,1157.0,67.0
Uttar Pradesh,Azamgarh,26.00829095477383,83.01220251256285,191,4613913,1559414,1212503,3878626,718692,3810,719,5652,183,226,981.0,60.0
Uttar Pradesh,Baghpat,29.045793499999988,77.30266300000001,139,1303048,489858,308112,917474,364583,1840,483,161,16139,25,1161.0,61.0
Uttar Pradesh,Bahraich,27.691776300578027,81.46779783237004,180,3487731,878285,520083,2291892,1169330,6400,8212,2793,1177,38,1122.0,40.0
Uttar Pradesh,Ballia,25.86075638297873,84.03651978723408,193,3239774,1160960,802630,3004240,213440,4463,892,1595,233,64,1068.0,61.0
Uttar Pradesh,Balrampur,27.449076537911324,82.47158326180256,182,2148665,544943,323414,1333242,805975,3228,900,1866,198,87,1078.0,40.0
Uttar Pradesh,Banda,25.351885902503284,80.52487391304344,170,1799410,630626,372311,1637549,157612,1367,231,168,916,50,1159.0,56.0
Uttar Pradesh,Bara Banki,26.922777025232424,81.35762350597606,176,3260699,1010518,681940,2505444,737106,4857,2090,1553,3016,211,1099.0,52.0
Uttar Pradesh,Bareilly,28.51101940789474,79.43187072368416,150,4448359,1342697,849062,2830768,1536534,14822,28187,4371,931,339,1128.0,49.0
Uttar Pradesh,Basti,26.833880454545447,82.69790590909092,185,2464464,819719,574064,2082976,364510,3493,900,9753,107,99,1038.0,57.0
Uttar Pradesh,Bijnor,29.313974259681096,78.45098815489754,134,3682713,1241471,893922,2032081,1585210,6184,50624,1736,2134,41,1091.0,58.0
Uttar Pradesh,Bulandshahr,28.348758620689676,78.01082758620684,142,3499171,1253314,778342,2707195,777407,4088,2765,669,1572,86,1116.0,58.0
Uttar Pradesh,Chandauli,25.1180859611231,83.25307062634984,196,1952756,699454,475152,1727869,215081,2153,1389,340,100,1175,1089.0,60.0
Uttar Pradesh,Chitrakoot,25.159924623803,81.07666087551297,171,991730,330339,200733,955372,34559,693,63,101,285,27,1137.0,54.0
Uttar Pradesh,Deoria,26.422188565488575,83.8244070686071,190,3100946,1079288,795951,2730957,358539,3626,818,1182,209,146,983.0,60.0
Uttar Pradesh,Etah,27.591155309734443,78.70021858407083,201,1774480,647042,408160,1611126,146346,2464,708,2887,5671,18,1145.0,59.0
Uttar Pradesh,Etawah,26.78817670157068,79.07621806282728,161,1581810,623583,438420,1457892,113961,1362,1045,1733,3917,94,1149.0,67.0
Uttar Pradesh,Faizabad,26.60589185185181,82.00783530864202,177,2470996,838339,612562,2094271,365806,3225,1912,737,358,185,1040.0,59.0
Uttar Pradesh,Farrukhabad,27.45063297872342,79.4406284574468,159,1885204,654827,437850,1596278,276846,3137,3160,3161,487,100,1145.0,58.0
Uttar Pradesh,Fatehpur,25.8374362030905,80.85416203090509,172,2632733,911003,601163,2274674,350700,2201,402,172,199,47,1110.0,57.0
Uttar Pradesh,Firozabad,27.20963993055552,78.42660624999998,147,2498156,912314,609492,2140745,314812,3370,1804,3395,19077,61,1142.0,61.0
Uttar Pradesh,Gautam Buddha Nagar,28.39331103896103,77.52462467532465,141,1648115,666065,456882,1394025,215500,7366,9261,895,4518,91,1175.0,68.0
Uttar Pradesh,Ghaziabad,28.74997308584685,77.67441879350343,140,4681645,1811397,1311867,3414427,1186776,19026,23001,3487,16412,265,1135.0,67.0
Uttar Pradesh,Ghazipur,25.624724775583484,83.5360854578097,195,3620268,1293553,903996,3233790,368153,4181,810,3145,213,184,1051.0,61.0
Uttar Pradesh,Gonda,27.157215552099505,82.0226888024882,183,3433919,1034181,645813,2739076,678615,4735,1893,649,338,57,1085.0,49.0
Uttar Pradesh,Gorakhpur,26.63315886792452,83.3549560377358,188,4440895,1593890,1106438,4009037,403847,9662,2123,2848,460,207,1053.0,61.0
Uttar Pradesh,Hamirpur,25.738158381502895,79.82619479768789,28,454768,180555,177536,449412,3711,243,591,95,293,9,913.0,79.0
Uttar Pradesh,Hamirpur,25.738158381502895,79.82619479768789,168,1104285,408125,245174,1010014,91269,814,196,74,41,273,1162.0,59.0
Uttar Pradesh,Hardoi,27.337409090909137,80.26411767676768,155,4092845,1374587,847014,3508131,556219,5822,5688,6671,446,98,1153.0,54.0
Uttar Pradesh,Jalaun,26.067954587155988,79.36686911314993,165,1689974,653430,421766,1509708,171581,1148,463,2875,256,145,1156.0,64.0
Uttar Pradesh,Jaunpur,25.70141280913127,82.54315351934063,194,4494204,1565394,1166283,3981502,483750,4947,1286,7898,349,114,977.0,61.0
Uttar Pradesh,Jhansi,25.45581535234902,78.89954580536917,166,1998603,783705,520808,1823930,147842,7050,4951,1203,7328,311,1124.0,65.0
Uttar Pradesh,Jyotiba Phule Nagar,28.870498984771594,78.39009365482241,137,1840221,600541,382569,1075440,750368,5952,5295,189,517,21,1099.0,53.0
Uttar Pradesh,Kannauj,26.993988617886185,79.64437940379408,160,1656616,603596,413491,1375788,273967,1263,504,2033,606,65,1138.0,61.0
Uttar Pradesh,Kanpur Dehat,26.43047641196011,79.98710083056478,163,1796184,692964,477279,1612968,176327,1300,478,819,155,103,1156.0,65.0
Uttar Pradesh,Kaushambi,25.53587532051282,81.41811282051287,174,1599596,507279,306145,1372381,220423,2225,522,687,545,3,1102.0,51.0
Uttar Pradesh,Kushinagar,26.892530675909864,83.92261542461007,189,3564544,1183722,771098,2928462,620244,5006,767,4619,383,133,1041.0,55.0
Uttar Pradesh,Lalitpur,24.588771610169452,78.60082330508473,167,1221592,397586,243605,1163804,33724,1351,1034,69,20390,41,1104.0,52.0
Uttar Pradesh,Lucknow,26.838233589251463,80.89706026871404,157,4589838,1742440,1384820,3537787,985070,20493,23883,3877,4975,504,1091.0,68.0
Uttar Pradesh,Mahoba,25.34529670138888,79.67863003472216,169,875958,302283,185823,815142,57454,965,389,94,234,157,1139.0,56.0
Uttar Pradesh,Mainpuri,27.17386862302482,79.03501851015807,148,1868529,712110,491775,1746649,100723,1729,475,8814,4161,38,1135.0,64.0
Uttar Pradesh,Mathura,27.59390432801821,77.62153416856502,145,2547184,943346,564400,2310776,216933,3179,2872,883,2056,126,1159.0,59.0
Uttar Pradesh,Mau,26.01082203791469,83.50582654028433,192,2205968,773082,589962,1769937,428555,2109,340,564,155,129,1021.0,62.0
Uttar Pradesh,Meerut,29.02957625698323,77.80611005586593,138,3443689,1254520,886968,2183255,1185643,10582,24912,1855,18544,236,1128.0,62.0
Uttar Pradesh,Mirzapur,25.10207959183675,82.60126628571429,199,2496970,865837,562846,2292534,195765,2373,1133,341,701,27,1108.0,57.0
Uttar Pradesh,Moradabad,28.851770406189537,78.73580193423597,135,4772006,1357435,906413,2488265,2248392,13157,7555,1260,2426,382,1103.0,47.0
Uttar Pradesh,Muzaffarnagar,29.470507977736563,77.64017847866423,133,4143512,1448528,968811,2382914,1711453,6495,18601,1516,16345,60,1125.0,58.0
Uttar Pradesh,Pilibhit,28.52024175035868,79.90103974175037,151,2031007,654290,406805,1449007,489686,3510,84787,360,138,45,1118.0,52.0
Uttar Pradesh,Pratapgarh,25.864842731707313,81.93530048780492,131,867848,250122,151393,827293,25597,358,72,32,14077,27,1018.0,46.0
Uttar Pradesh,Pratapgarh,25.864842731707313,81.93530048780492,173,3209141,1121381,810178,2731351,452394,3920,1451,7795,746,43,1002.0,60.0
Uttar Pradesh,Rae Bareli,26.253902840059787,81.22260463378181,158,3405559,1165965,799878,2975998,413243,3634,2424,722,397,602,1060.0,58.0
Uttar Pradesh,Rampur,28.83244727272725,79.10977333333337,136,2335819,630408,413258,1073890,1181337,9201,65316,384,1307,63,1101.0,45.0
Uttar Pradesh,Saharanpur,30.033811652173917,77.59905147826095,132,3466382,1220114,856994,1966892,1454052,6523,18627,1937,10208,135,1124.0,60.0
Uttar Pradesh,Sant Kabir Nagar,26.791596516393444,83.0387764344262,186,1715183,567098,387851,1300586,404410,1766,447,4393,95,35,1029.0,56.0
Uttar Pradesh,Shahjahanpur,27.991389350649328,79.8302275324675,152,3006538,915142,575788,2412595,527581,4630,51090,2312,301,84,1147.0,50.0
Uttar Pradesh,Sitapur,27.501995963091108,80.85288881199547,154,4483992,1397702,886031,3555450,893725,6579,11611,2663,1410,79,1126.0,51.0
Uttar Pradesh,Sonbhadra,24.46693268858798,83.06816324951639,200,1862559,601988,383720,1738769,103567,3963,1649,1747,487,1907,1090.0,53.0
Uttar Pradesh,Sultanpur,26.2846386419753,82.05710456790123,179,3797117,1300248,939654,3119590,650261,4453,1629,9989,426,336,1017.0,59.0
Uttar Pradesh,Unnao,26.63163990895297,80.636773292868,156,3108367,1053063,720521,2732016,363453,3574,1204,920,240,31,1103.0,57.0
Uttar Pradesh,Varanasi,25.360570888888898,82.82529666666672,197,3676841,1389116,1014787,3107681,546987,7696,3309,1146,1898,298,1095.0,65.0
Uttaranchal,Almora,29.683532133676103,79.50165064267351,64,622506,231604,204893,611250,7752,1895,256,201,31,6,878.0,70.0
Uttaranchal,Bageshwar,29.98703393393397,79.83954354354357,63,259898,97546,81937,257509,1440,397,46,102,7,16,917.0,69.0
Uttaranchal,Chamoli,30.583386114649652,79.56281095541402,57,391605,155395,125161,385818,4395,428,323,190,11,23,982.0,72.0
Uttaranchal,Champawat,29.29142393939393,80.07720212121217,65,259648,102015,75711,249563,8693,870,336,24,28,6,1020.0,68.0
Uttaranchal,Pithoragarh,30.147206318681295,80.34229230769236,62,483439,189623,155927,475105,6015,1401,260,185,13,30,980.0,71.0
Uttaranchal,Tehri Garhwal,30.463700918635173,78.48783792650917,59,618931,227406,180588,609835,7374,656,290,32,91,109,928.0,66.0
Uttaranchal,Udham Singh Nagar,29.02779577677222,79.45629004524895,67,1648902,598525,439314,1104452,372267,6064,162768,505,738,159,1087.0,63.0
Uttaranchal,Uttarkashi,30.96895855203623,78.56880615384617,56,330086,128237,86889,324859,3554,353,167,563,74,105,1044.0,65.0
West Bengal,Bankura,23.081280892857155,87.12640053571437,339,3596674,1299337,933655,3033581,290450,3865,386,260,2904,260694,1045.0,62.0
West Bengal,Barddhaman,23.444453888888884,87.8150581111111,335,7717563,2918040,2329168,6008472,1599764,21220,16675,1602,1674,44968,1058.0,68.0
West Bengal,Birbhum,24.06389342723,87.65153089201888,334,3502404,1201481,956966,2181515,1298054,10906,582,258,1152,6051,1046.0,62.0
West Bengal,Dakshin Dinajpur,25.342094363021435,88.69821679819614,331,1676276,596474,487211,1232850,412788,24794,276,148,323,2786,1047.0,65.0
West Bengal,Darjiling,26.839619571045585,88.33145067024122,327,1846823,717673,597912,1366681,105086,141848,2032,209240,1840,15523,1030.0,71.0
West Bengal,Haora,22.401674174428507,87.99421176968654,341,4850029,1942824,1662382,3535844,1270641,8666,4380,1258,9699,1265,1065.0,74.0
West Bengal,Hugli,22.879292647058815,88.00010264705891,338,5519145,2211777,1866611,4574569,870204,7300,2662,1730,2160,49050,1041.0,74.0
West Bengal,Jalpaiguri,26.62642031250004,89.04154375000003,328,3872846,1396622,1102158,3156781,445817,186279,2994,50676,1461,23816,1049.0,65.0
West Bengal,Kolkata,22.550581481481483,88.3527648148148,342,4496694,1926915,1661222,3440290,926414,39758,13849,4771,21178,1452,1101.0,80.0
West Bengal,Maldah,25.08026802575105,88.17191684549356,332,3988845,1152019,934413,1914352,2045151,13209,747,359,639,7929,1059.0,52.0
West Bengal,Murshidabad,24.25950655391121,88.16816860465121,333,7103807,2177187,1878647,2359061,4707573,18102,766,348,3037,7429,1044.0,57.0
West Bengal,Nadia,23.56410971055088,88.58293034547152,336,5167600,1878866,1601689,3728482,1382682,33835,849,514,281,16893,1056.0,67.0
West Bengal,Puruliya,23.254192328767108,86.3968532876713,340,2930115,1002058,622847,2373120,227249,8646,622,209,3052,309029,1045.0,55.0
West Bengal,Uttar Dinajpur,26.044619165196977,88.23595232216337,330,3007134,853495,636172,1482943,1501170,16702,477,432,1324,1622,1065.0,50.0
